region,n_ihp_eligible,total_ihp_awarded,total_ihp_awarded_millions
1,113466.0,439090746.6600004,439.0907466600004
2,1978546.0,5487039934.919993,5487.039934919993
3,280653.0,1082317546.9400039,1082.317546940004
4,4182135.0,10548586887.469784,10548.586887469784
5,936340.0,3179651073.060086,3179.6510730600858
6,3673525.0,13984652179.67244,13984.65217967244
7,123810.0,667330421.2899998,667.3304212899999
8,51317.0,282194047.7700002,282.1940477700002
9,242288.0,1243124411.880001,1243.1244118800012
10,30262.0,195897183.27999988,195.8971832799999
